Id,OwnerId,Name,CurrencyIsoCode,CreatedDate,CreatedById,LastModifiedDate,LastModifiedById,LLC_BI__lookupKey__c
a1x260000074WvnAAE,0052600000A71TrAAJ,a1x260000074Wvn,GBP,2023-08-24T13:51:58.000+0000,0052600000A71TrAAJ,2023-08-24T13:51:58.000+0000,0052600000A71TrAAJ,42179228279068243
a1x260000074WvsAAE,0052600000A71TrAAJ,a1x260000074Wvs,GBP,2023-08-24T13:59:16.000+0000,0052600000A71TrAAJ,2023-08-24T13:59:16.000+0000,0052600000A71TrAAJ,42026215986131390
a1x260000074WvxAAE,0052600000A71TrAAJ,a1x260000074Wvx,GBP,2023-08-24T13:59:30.000+0000,0052600000A71TrAAJ,2023-08-24T13:59:30.000+0000,0052600000A71TrAAJ,42997493927361291
a1x260000074Ww2AAE,0052600000A71TrAAJ,a1x260000074Ww2,GBP,2023-08-24T13:59:42.000+0000,0052600000A71TrAAJ,2023-08-24T13:59:42.000+0000,0052600000A71TrAAJ,42180307538717815
a1x260000074Ww7AAE,0052600000A71TrAAJ,a1x260000074Ww7,GBP,2023-08-24T13:59:52.000+0000,0052600000A71TrAAJ,2023-08-24T13:59:52.000+0000,0052600000A71TrAAJ,42883547302263038
a1x260000074WwCAAU,0052600000A71TrAAJ,a1x260000074WwC,GBP,2023-08-24T14:00:04.000+0000,0052600000A71TrAAJ,2023-08-24T14:00:04.000+0000,0052600000A71TrAAJ,42710903901629526
a1x260000074WwHAAU,0052600000A71TrAAJ,a1x260000074WwH,GBP,2023-08-24T14:00:18.000+0000,0052600000A71TrAAJ,2023-08-24T14:00:18.000+0000,0052600000A71TrAAJ,42419267644468339
a1x260000074WwMAAU,0052600000A71TrAAJ,12,GBP,2023-08-24T14:00:30.000+0000,0052600000A71TrAAJ,2023-08-24T14:01:30.000+0000,0052600000A71TrAAJ,42671608097201891
